Fund Ticker,Security Identifier,Holding Ticker,Shares/Par Value,MarketValue,Weight,Name,Class of Shares,Sector,Date
PBP,037833100,AAPL ,"99,141","11,596,522.77",6.798,Apple Inc,Common Stock,Information Technology,10/09/2020
PBP,594918104,MSFT ,"46,669","10,071,636.89",5.904,Microsoft Corp,Common Stock,Information Technology,10/09/2020
PBP,023135106,AMZN ,"2,625","8,627,456.25",5.057,Amazon.com Inc,Common Stock,Consumer Discretionary,10/09/2020
PBP,30303M102,FB ,"14,826","3,920,735.70",2.298,Facebook Inc,Common Stock,Communication Services,10/09/2020
PBP,02079K305,GOOGL ,"1,852","2,797,353.40",1.640,Alphabet Inc,Common Stock,Communication Services,10/09/2020
PBP,02079K107,GOOG ,"1,811","2,744,063.42",1.609,Alphabet Inc,Common Stock,Communication Services,10/09/2020
PBP,084670702,BRK/B ,"12,223","2,636,256.64",1.545,Berkshire Hathaway Inc,Common Stock,Financials,10/09/2020
PBP,478160104,JNJ ,"16,235","2,450,997.95",1.437,Johnson & Johnson,Common Stock,Health Care,10/09/2020
PBP,742718109,PG ,"15,352","2,194,107.84",1.286,Procter & Gamble Co/The,Common Stock,Consumer Staples,10/09/2020
PBP,92826C839,V ,"10,399","2,148,849.36",1.260,Visa Inc,Common Stock,Information Technology,10/09/2020
PBP,67066G104,NVDA ,"3,804","2,094,140.04",1.228,NVIDIA Corp,Common Stock,Information Technology,10/09/2020
PBP,91324P102,UNH ,"5,862","1,921,798.08",1.127,UnitedHealth Group Inc,Common Stock,Health Care,10/09/2020
PBP,57636Q104,MA ,"5,448","1,919,820.72",1.125,Mastercard Inc,Common Stock,Information Technology,10/09/2020
PBP,46625H100,JPM ,"18,795","1,902,054.00",1.115,JPMorgan Chase & Co,Common Stock,Financials,10/09/2020
PBP,437076102,HD ,"6,638","1,897,936.96",1.113,Home Depot Inc/The,Common Stock,Consumer Discretionary,10/09/2020
PBP,92343V104,VZ ,"25,518","1,513,982.94",0.888,Verizon Communications Inc,Common Stock,Communication Services,10/09/2020
PBP,79466L302,CRM ,"5,612","1,492,679.76",0.875,salesforce.com Inc,Common Stock,Information Technology,10/09/2020
PBP,00724F101,ADBE ,"2,957","1,484,887.12",0.870,Adobe Inc,Common Stock,Information Technology,10/09/2020
PBP,64110L106,NFLX ,"2,718","1,466,197.92",0.859,Netflix Inc,Common Stock,Communication Services,10/09/2020
PBP,70450Y103,PYPL ,"7,236","1,427,445.72",0.837,PayPal Holdings Inc,Common Stock,Information Technology,10/09/2020
PBP,254687106,DIS ,"11,142","1,392,527.16",0.816,Walt Disney Co/The,Common Stock,Communication Services,10/09/2020
PBP,458140100,INTC ,"26,227","1,385,310.14",0.812,Intel Corp,Common Stock,Information Technology,10/09/2020
PBP,20030N101,CMCSA ,"28,112","1,260,823.20",0.739,Comcast Corp,Common Stock,Communication Services,10/09/2020
PBP,717081103,PFE ,"34,269","1,260,756.51",0.739,Pfizer Inc,Common Stock,Health Care,10/09/2020
PBP,58933Y105,MRK ,"15,598","1,253,455.28",0.735,Merck & Co Inc,Common Stock,Health Care,10/09/2020
PBP,00206R102,T ,"43,940","1,244,380.80",0.729,AT&T Inc,Common Stock,Communication Services,10/09/2020
PBP,931142103,WMT ,"8,563","1,222,625.14",0.717,Walmart Inc,Common Stock,Consumer Staples,10/09/2020
PBP,191216100,KO ,"23,842","1,211,412.02",0.710,Coca-Cola Co/The,Common Stock,Consumer Staples,10/09/2020
PBP,002824100,ABT ,"10,920","1,197,378.00",0.702,Abbott Laboratories,Common Stock,Health Care,10/09/2020
PBP,060505104,BAC ,"47,019","1,192,401.84",0.699,Bank of America Corp,Common Stock,Financials,10/09/2020
PBP,713448108,PEP ,"8,538","1,182,000.72",0.693,PepsiCo Inc,Common Stock,Consumer Staples,10/09/2020
PBP,883556102,TMO ,"2,438","1,132,938.60",0.664,Thermo Fisher Scientific Inc,Common Stock,Health Care,10/09/2020
PBP,17275R102,CSCO ,"26,108","1,040,403.80",0.610,Cisco Systems Inc,Common Stock,Information Technology,10/09/2020
PBP,580135101,MCD ,"4,589","1,031,744.87",0.605,McDonald's Corp,Common Stock,Consumer Discretionary,10/09/2020
PBP,654106103,NKE ,"7,677","1,005,533.46",0.589,NIKE Inc,Common Stock,Consumer Discretionary,10/09/2020
PBP,22160K105,COST ,"2,721","1,005,300.66",0.589,Costco Wholesale Corp,Common Stock,Consumer Staples,10/09/2020
PBP,00287Y109,ABBV ,"10,884","954,526.80",0.560,AbbVie Inc,Common Stock,Health Care,10/09/2020
PBP,11135F101,AVGO ,"2,480","934,216.00",0.548,Broadcom Inc,Common Stock,Information Technology,10/09/2020
PBP,65339F101,NEE ,"3,020","914,788.20",0.536,NextEra Energy Inc,Common Stock,Utilities,10/09/2020
PBP,30231G102,XOM ,"26,075","905,845.50",0.531,Exxon Mobil Corp,Common Stock,Energy,10/09/2020
PBP,G5960L103,MDT ,"8,290","900,957.20",0.528,Medtronic PLC,Common Stock,Health Care,10/09/2020
PBP,G1151C101,ACN ,"3,925","897,608.25",0.526,Accenture PLC,Common Stock,Information Technology,10/09/2020
PBP,235851102,DHR ,"3,894","880,277.64",0.516,Danaher Corp,Common Stock,Health Care,10/09/2020
PBP,166764100,CVX ,"11,871","878,454.00",0.515,Chevron Corp,Common Stock,Energy,10/09/2020
PBP,747525103,QCOM ,"6,957","868,720.59",0.509,QUALCOMM Inc,Common Stock,Information Technology,10/09/2020
PBP,907818108,UNP ,"4,186","861,395.08",0.505,Union Pacific Corp,Common Stock,Industrials,10/09/2020
PBP,110122108,BMY ,"13,901","859,359.82",0.504,Bristol Myers Squibb Co,Common Stock,Health Care,10/09/2020
PBP,031162100,AMGN ,"3,610","854,487.00",0.501,Amgen Inc,Common Stock,Health Care,10/09/2020
PBP,882508104,TXN ,"5,649","852,490.59",0.500,Texas Instruments Inc,Common Stock,Information Technology,10/09/2020
PBP,548661107,LOW ,"4,659","807,078.57",0.473,Lowe's Cos Inc,Common Stock,Consumer Discretionary,10/09/2020
PBP,G5494J103,LIN ,"3,237","776,685.78",0.455,Linde PLC,Common Stock,Materials,10/09/2020
PBP,532457108,LLY ,"4,895","767,927.60",0.450,Eli Lilly and Co,Common Stock,Health Care,10/09/2020
PBP,911312106,UPS ,"4,360","761,648.40",0.446,United Parcel Service Inc,Common Stock,Industrials,10/09/2020
PBP,718172109,PM ,"9,603","757,484.64",0.444,Philip Morris International Inc,Common Stock,Consumer Staples,10/09/2020
PBP,438516106,HON ,"4,326","754,367.88",0.442,Honeywell International Inc,Common Stock,Industrials,10/09/2020
PBP,68389X105,ORCL ,"11,923","729,091.45",0.427,Oracle Corp,Common Stock,Information Technology,10/09/2020
PBP,459200101,IBM ,"5,493","701,950.47",0.411,International Business Machines Corp,Common Stock,Information Technology,10/09/2020
PBP,03027X100,AMT ,"2,733","668,710.44",0.392,American Tower Corp,Real Estate Investment Trust			     ,Real Estate,10/09/2020
PBP,855244109,SBUX ,"7,209","648,882.09",0.380,Starbucks Corp,Common Stock,Consumer Discretionary,10/09/2020
PBP,949746101,WFC ,"25,410","642,873.00",0.377,Wells Fargo & Co,Common Stock,Financials,10/09/2020
PBP,007903107,AMD ,"7,241","601,727.10",0.353,Advanced Micro Devices Inc,Common Stock,Information Technology,10/09/2020
PBP,88579Y101,MMM ,"3,553","601,522.90",0.353,3M Co,Common Stock,Industrials,10/09/2020
PBP,81762P102,NOW ,"1,182","601,177.02",0.352,ServiceNow Inc,Common Stock,Information Technology,10/09/2020
PBP,16119P108,CHTR ,924,"587,331.36",0.344,Charter Communications Inc,Common Stock,Communication Services,10/09/2020
PBP,539830109,LMT ,"1,516","585,069.88",0.343,Lockheed Martin Corp,Common Stock,Industrials,10/09/2020
PBP,172967424,C ,"12,840","576,901.20",0.338,Citigroup Inc,Common Stock,Financials,10/09/2020
PBP,31620M106,FIS ,"3,820","569,294.60",0.334,Fidelity National Information Services Inc,Common Stock,Information Technology,10/09/2020
PBP,75513E101,RTX ,"9,420","564,352.20",0.331,Raytheon Technologies Corp,Common Stock,Industrials,10/09/2020
PBP,461202103,INTU ,"1,616","552,364.96",0.324,Intuit Inc,Common Stock,Information Technology,10/09/2020
PBP,097023105,BA ,"3,270","547,169.10",0.321,Boeing Co/The,Common Stock,Industrials,10/09/2020
PBP,09247X101,BLK ,875,"535,123.75",0.314,BlackRock Inc,Common Stock,Financials,10/09/2020
PBP,46120E602,ISRG ,723,"533,711.37",0.313,Intuitive Surgical Inc,Common Stock,Health Care,10/09/2020
PBP,149123101,CAT ,"3,340","530,859.60",0.311,Caterpillar Inc,Common Stock,Industrials,10/09/2020
PBP,78409V104,SPGI ,"1,487","530,502.12",0.311,S&P Global Inc,Common Stock,Financials,10/09/2020
PBP,87612E106,TGT ,"3,085","505,045.35",0.296,Target Corp,Common Stock,Consumer Discretionary,10/09/2020
PBP,609207105,MDLZ ,"8,810","504,813.00",0.296,Mondelez International Inc,Common Stock,Consumer Staples,10/09/2020
PBP,375558103,GILD ,"7,732","493,610.88",0.289,Gilead Sciences Inc,Common Stock,Health Care,10/09/2020
PBP,74340W103,PLD ,"4,556","487,081.96",0.286,Prologis Inc,Real Estate Investment Trust			     ,Real Estate,10/09/2020
PBP,98978V103,ZTS ,"2,929","484,544.47",0.284,Zoetis Inc,Common Stock,Health Care,10/09/2020
PBP,126650100,CVS ,"8,071","479,417.40",0.281,CVS Health Corp,Common Stock,Health Care,10/09/2020
PBP,02209S103,MO ,"11,462","466,388.78",0.273,Altria Group Inc,Common Stock,Consumer Staples,10/09/2020
PBP,09857L108,BKNG ,255,"463,561.95",0.272,Booking Holdings Inc,Common Stock,Consumer Discretionary,10/09/2020
PBP,036752103,ANTM ,"1,550","456,335.50",0.268,Anthem Inc,Common Stock,Health Care,10/09/2020
PBP,244199105,DE ,"1,933","453,887.73",0.266,Deere & Co,Common Stock,Industrials,10/09/2020
PBP,29444U700,EQIX ,547,"453,654.45",0.266,Equinix Inc,Real Estate Investment Trust			     ,Real Estate,10/09/2020
PBP,863667101,SYK ,"2,013","448,758.09",0.263,Stryker Corp,Common Stock,Health Care,10/09/2020
PBP,38141G104,GS ,"2,123","440,607.42",0.258,Goldman Sachs Group Inc/The,Common Stock,Financials,10/09/2020
PBP,92532F100,VRTX ,"1,607","433,809.65",0.254,Vertex Pharmaceuticals Inc,Common Stock,Health Care,10/09/2020
PBP,22822V101,CCI ,"2,586","432,792.96",0.254,Crown Castle International Corp,Real Estate Investment Trust			     ,Real Estate,10/09/2020
PBP,872540109,TJX ,"7,395","430,315.05",0.252,TJX Cos Inc/The,Common Stock,Consumer Discretionary,10/09/2020
PBP,617446448,MS ,"8,812","430,289.96",0.252,Morgan Stanley,Common Stock,Financials,10/09/2020
PBP,025816109,AXP ,"4,021","427,593.14",0.251,American Express Co,Common Stock,Financials,10/09/2020
PBP,075887109,BDX ,"1,788","424,310.28",0.249,Becton Dickinson and Co,Common Stock,Health Care,10/09/2020
PBP,25746U109,D ,"5,179","423,538.62",0.248,Dominion Energy Inc,Common Stock,Utilities,10/09/2020
PBP,26441C204,DUK ,"4,535","423,115.50",0.248,Duke Energy Corp,Common Stock,Utilities,10/09/2020
PBP,194162103,CL ,"5,288","421,823.76",0.247,Colgate-Palmolive Co,Common Stock,Consumer Staples,10/09/2020
PBP,872590104,TMUS ,"3,588","420,621.24",0.247,T-Mobile US Inc,Common Stock,Communication Services,10/09/2020
PBP,009158106,APD ,"1,361","409,116.60",0.240,Air Products and Chemicals Inc,Common Stock,Materials,10/09/2020
PBP,31428X106,FDX ,"1,487","403,794.85",0.237,FedEx Corp,Common Stock,Industrials,10/09/2020
PBP,125523100,CI ,"2,264","399,369.60",0.234,Cigna Corp,Common Stock,Health Care,10/09/2020
PBP,053015103,ADP ,"2,652","397,402.20",0.233,Automatic Data Processing Inc,Common Stock,Information Technology,10/09/2020
PBP,75886F107,REGN ,644,"387,733.08",0.227,Regeneron Pharmaceuticals Inc,Common Stock,Health Care,10/09/2020
PBP,842587107,SO ,"6,514","382,632.36",0.224,Southern Co/The,Common Stock,Utilities,10/09/2020
PBP,12572Q105,CME ,"2,210","374,396.10",0.219,CME Group Inc,Common Stock,Financials,10/09/2020
PBP,00507V109,ATVI ,"4,760","372,279.60",0.218,Activision Blizzard Inc,Common Stock,Communication Services,10/09/2020
PBP,126408103,CSX ,"4,717","370,190.16",0.217,CSX Corp,Common Stock,Industrials,10/09/2020
PBP,369604103,GE ,"53,983","369,243.72",0.216,General Electric Co,Common Stock,Industrials,10/09/2020
PBP,452308109,ITW ,"1,775","365,135.25",0.214,Illinois Tool Works Inc,Common Stock,Industrials,10/09/2020
PBP,101137107,BSX ,"8,824","363,019.36",0.213,Boston Scientific Corp,Common Stock,Health Care,10/09/2020
PBP,571748102,MMC ,"3,123","361,362.33",0.212,Marsh & McLennan Cos Inc,Common Stock,Financials,10/09/2020
PBP,743315103,PGR ,"3,609","360,466.92",0.211,Progressive Corp/The,Common Stock,Financials,10/09/2020
PBP,337738108,FISV ,"3,426","360,106.86",0.211,Fiserv Inc,Common Stock,Information Technology,10/09/2020
PBP,89832Q109,TFC ,"8,312","359,161.52",0.211,Truist Financial Corp,Common Stock,Financials,10/09/2020
PBP,038222105,AMAT ,"5,633","356,512.57",0.209,Applied Materials Inc,Common Stock,Information Technology,10/09/2020
PBP,444859102,HUM ,814,"352,820.16",0.207,Humana Inc,Common Stock,Health Care,10/09/2020
PBP,824348106,SHW ,505,"352,692.00",0.207,Sherwin-Williams Co/The,Common Stock,Materials,10/09/2020
PBP,45866F104,ICE ,"3,460","350,809.40",0.206,Intercontinental Exchange Inc,Common Stock,Financials,10/09/2020
PBP,808513105,SCHW ,"9,150","349,804.50",0.205,Charles Schwab Corp/The,Common Stock,Financials,10/09/2020
PBP,655844108,NSC ,"1,573","343,527.47",0.201,Norfolk Southern Corp,Common Stock,Industrials,10/09/2020
PBP,595112103,MU ,"6,851","341,796.39",0.200,Micron Technology Inc,Common Stock,Information Technology,10/09/2020
PBP,256677105,DG ,"1,534","338,983.32",0.199,Dollar General Corp,Common Stock,Consumer Discretionary,10/09/2020
PBP,37940X102,GPN ,"1,843","338,706.54",0.199,Global Payments Inc,Common Stock,Information Technology,10/09/2020
PBP,H1467J104,CB ,"2,782","335,091.90",0.196,Chubb Ltd,Common Stock,Financials,10/09/2020
PBP,902973304,USB ,"8,455","331,182.35",0.194,US Bancorp,Common Stock,Financials,10/09/2020
PBP,512807108,LRCX ,898,"325,713.58",0.191,Lam Research Corp,Common Stock,Information Technology,10/09/2020
PBP,28176E108,EW ,"3,833","321,588.70",0.189,Edwards Lifesciences Corp,Common Stock,Health Care,10/09/2020
PBP,052769106,ADSK ,"1,351","320,862.50",0.188,Autodesk Inc,Common Stock,Information Technology,10/09/2020
PBP,494368103,KMB ,"2,103","320,686.47",0.188,Kimberly-Clark Corp,Common Stock,Consumer Staples,10/09/2020
PBP,518439104,EL ,"1,391","312,418.60",0.183,Estee Lauder Cos Inc/The,Common Stock,Consumer Staples,10/09/2020
PBP,651639106,NEM ,"4,953","311,147.46",0.182,Newmont Corp,Common Stock,Materials,10/09/2020
PBP,278865100,ECL ,"1,530","310,834.80",0.182,Ecolab Inc,Common Stock,Materials,10/09/2020
PBP,452327109,ILMN ,901,"305,475.04",0.179,Illumina Inc,Common Stock,Health Care,10/09/2020
PBP,693475105,PNC ,"2,617","302,211.16",0.177,PNC Financial Services Group Inc/The,Common Stock,Financials,10/09/2020
PBP,666807102,NOC ,958,"302,038.24",0.177,Northrop Grumman Corp,Common Stock,Industrials,10/09/2020
PBP,G0403H108,AON ,"1,429","298,932.51",0.175,Aon PLC,Common Stock,Financials,10/09/2020
PBP,615369105,MCO ,995,"293,256.35",0.172,Moody's Corp,Common Stock,Financials,10/09/2020
PBP,032654105,ADI ,"2,278","280,945.74",0.165,Analog Devices Inc,Common Stock,Information Technology,10/09/2020
PBP,09062X103,BIIB ,974,"279,089.96",0.164,Biogen Inc,Common Stock,Health Care,10/09/2020
PBP,94106L109,WM ,"2,395","276,263.25",0.162,Waste Management Inc,Common Stock,Industrials,10/09/2020
PBP,025537101,AEP ,"3,061","274,939.02",0.161,American Electric Power Co Inc,Common Stock,Utilities,10/09/2020
PBP,26614N102,DD ,"4,524","268,318.44",0.157,DuPont de Nemours Inc,Common Stock,Materials,10/09/2020
PBP,776696106,ROP ,645,"267,281.55",0.157,Roper Technologies Inc,Common Stock,Industrials,10/09/2020
PBP,G29183103,ETN ,"2,467","265,276.51",0.156,Eaton Corp PLC,Common Stock,Industrials,10/09/2020
PBP,253868103,DLR ,"1,661","263,002.74",0.154,Digital Realty Trust Inc,Real Estate Investment Trust			     ,Real Estate,10/09/2020
PBP,291011104,EMR ,"3,686","257,835.70",0.151,Emerson Electric Co,Common Stock,Industrials,10/09/2020
PBP,37045V100,GM ,"7,768","249,818.88",0.146,General Motors Co,Common Stock,Consumer Discretionary,10/09/2020
PBP,071813109,BAX ,"3,121","244,998.50",0.144,Baxter International Inc,Common Stock,Health Care,10/09/2020
PBP,192446102,CTSH ,"3,344","244,379.52",0.143,Cognizant Technology Solutions Corp,Common Stock,Information Technology,10/09/2020
PBP,30161N101,EXC ,"6,011","235,631.20",0.138,Exelon Corp,Common Stock,Utilities,10/09/2020
PBP,98389B100,XEL ,"3,237","235,362.27",0.138,Xcel Energy Inc,Common Stock,Utilities,10/09/2020
PBP,502431109,LHX ,"1,331","233,523.95",0.137,L3Harris Technologies Inc,Common Stock,Industrials,10/09/2020
PBP,370334104,GIS ,"3,765","232,940.55",0.137,General Mills Inc,Common Stock,Consumer Staples,10/09/2020
PBP,20825C104,COP ,"6,613","232,314.69",0.136,ConocoPhillips,Common Stock,Energy,10/09/2020
PBP,15135B101,CNC ,"3,575","229,515.00",0.135,Centene Corp,Common Stock,Health Care,10/09/2020
PBP,252131107,DXCM ,592,"228,512.00",0.134,DexCom Inc,Common Stock,Health Care,10/09/2020
PBP,278642103,EBAY ,"4,102","227,455.90",0.133,eBay Inc,Common Stock,Consumer Discretionary,10/09/2020
PBP,285512109,EA ,"1,782","227,115.90",0.133,Electronic Arts Inc,Common Stock,Communication Services,10/09/2020
PBP,260557103,DOW ,"4,570","225,575.20",0.132,Dow Inc,Common Stock,Materials,10/09/2020
PBP,14040H105,COF ,"2,816","224,942.08",0.132,Capital One Financial Corp,Common Stock,Financials,10/09/2020
PBP,816851109,SRE ,"1,785","224,927.85",0.132,Sempra Energy,Common Stock,Utilities,10/09/2020
PBP,90184L102,TWTR ,"4,877","223,854.30",0.131,Twitter Inc,Common Stock,Communication Services,10/09/2020
PBP,169656105,CMG ,173,"221,784.27",0.130,Chipotle Mexican Grill Inc,Common Stock,Consumer Discretionary,10/09/2020
PBP,74460D109,PSA ,939,"219,735.39",0.129,Public Storage,Real Estate Investment Trust			     ,Real Estate,10/09/2020
PBP,H84989104,TEL ,"2,033","218,242.55",0.128,TE Connectivity Ltd,Common Stock,Information Technology,10/09/2020
PBP,40412C101,HCA ,"1,627","217,952.92",0.128,HCA Healthcare Inc,Common Stock,Health Care,10/09/2020
PBP,78410G104,SBAC ,690,"217,094.70",0.127,SBA Communications Corp,Real Estate Investment Trust			     ,Real Estate,10/09/2020
PBP,778296103,ROST ,"2,193","215,813.13",0.127,Ross Stores Inc,Common Stock,Consumer Discretionary,10/09/2020
PBP,871829107,SYY ,"3,135","213,117.30",0.125,Sysco Corp,Common Stock,Consumer Staples,10/09/2020
PBP,45168D104,IDXX ,525,"210,341.25",0.123,IDEXX Laboratories Inc,Common Stock,Health Care,10/09/2020
PBP,871607107,SNPS ,937,"208,782.34",0.122,Synopsys Inc,Common Stock,Information Technology,10/09/2020
PBP,032095101,APH ,"1,838","208,594.62",0.122,Amphenol Corp,Common Stock,Information Technology,10/09/2020
PBP,369550108,GD ,"1,434","206,008.44",0.121,General Dynamics Corp,Common Stock,Industrials,10/09/2020
PBP,67103H107,ORLY ,455,"204,467.90",0.120,O'Reilly Automotive Inc,Common Stock,Consumer Discretionary,10/09/2020
PBP,231021106,CMI ,912,"203,667.84",0.119,Cummins Inc,Common Stock,Industrials,10/09/2020
PBP,482480100,KLAC ,961,"202,809.44",0.119,KLA Corp,Common Stock,Information Technology,10/09/2020
PBP,00846U101,A ,"1,901","201,049.76",0.118,Agilent Technologies Inc,Common Stock,Health Care,10/09/2020
PBP,74144T108,TROW ,"1,400","199,094.00",0.117,T Rowe Price Group Inc,Common Stock,Financials,10/09/2020
PBP,693506107,PPG ,"1,456","197,841.28",0.116,PPG Industries Inc,Common Stock,Materials,10/09/2020
PBP,G51502105,JCI ,"4,589","197,189.33",0.116,Johnson Controls International plc,Common Stock,Industrials,10/09/2020
PBP,46266C105,IQV ,"1,178","196,443.28",0.115,IQVIA Holdings Inc,Common Stock,Health Care,10/09/2020
PBP,30040W108,ES ,"2,114","194,889.66",0.114,Eversource Energy,Common Stock,Utilities,10/09/2020
PBP,92939U106,WEC ,"1,946","193,510.24",0.113,WEC Energy Group Inc,Common Stock,Utilities,10/09/2020
PBP,21036P108,STZ ,"1,036","193,369.40",0.113,Constellation Brands Inc,Common Stock,Consumer Staples,10/09/2020
PBP,127387108,CDNS ,"1,718","192,295.74",0.113,Cadence Design Systems Inc,Common Stock,Information Technology,10/09/2020
PBP,G8994E103,TT ,"1,478","190,839.36",0.112,Trane Technologies PLC,Common Stock,Industrials,10/09/2020
PBP,693718108,PCAR ,"2,135","190,484.70",0.112,PACCAR Inc,Common Stock,Industrials,10/09/2020
PBP,064058100,BK ,"5,025","189,442.50",0.111,Bank of New York Mellon Corp/The,Common Stock,Financials,10/09/2020
PBP,98956P102,ZBH ,"1,278","189,131.22",0.111,Zimmer Biomet Holdings Inc,Common Stock,Health Care,10/09/2020
PBP,59156R108,MET ,"4,758","187,845.84",0.110,MetLife Inc,Common Stock,Financials,10/09/2020
PBP,92345Y106,VRSK ,"1,000","187,180.00",0.110,Verisk Analytics Inc,Common Stock,Industrials,10/09/2020
PBP,61174X109,MNST ,"2,276","184,242.20",0.108,Monster Beverage Corp,Common Stock,Consumer Staples,10/09/2020
PBP,172908105,CTAS ,537,"182,327.61",0.107,Cintas Corp,Common Stock,Industrials,10/09/2020
PBP,983919101,XLNX ,"1,505","182,014.70",0.107,Xilinx Inc,Common Stock,Information Technology,10/09/2020
PBP,55354G100,MSCI ,516,"181,802.28",0.107,MSCI Inc,Common Stock,Financials,10/09/2020
PBP,058498106,BLL ,"2,012","181,603.12",0.106,Ball Corp,Common Stock,Materials,10/09/2020
PBP,G47567105,INFO ,"2,301","181,042.68",0.106,IHS Markit Ltd,Common Stock,Industrials,10/09/2020
PBP,89417E109,TRV ,"1,561","180,810.63",0.106,Travelers Cos Inc/The,Common Stock,Financials,10/09/2020
PBP,744573106,PEG ,"3,118","179,472.08",0.105,Public Service Enterprise Group Inc,Common Stock,Utilities,10/09/2020
PBP,020002101,ALL ,"1,925","178,755.50",0.105,Allstate Corp/The,Common Stock,Financials,10/09/2020
PBP,03662Q105,ANSS ,530,"178,514.60",0.105,ANSYS Inc,Common Stock,Information Technology,10/09/2020
PBP,595017104,MCHP ,"1,556","177,352.88",0.104,Microchip Technology Inc,Common Stock,Information Technology,10/09/2020
PBP,988498101,YUM ,"1,857","177,324.93",0.104,Yum! Brands Inc,Common Stock,Consumer Discretionary,10/09/2020
PBP,773903109,ROK ,716,"174,904.48",0.103,Rockwell Automation Inc,Common Stock,Industrials,10/09/2020
PBP,345370860,F ,"24,096","174,696.00",0.102,Ford Motor Co,Common Stock,Consumer Discretionary,10/09/2020
PBP,620076307,MSI ,"1,047","174,618.66",0.102,Motorola Solutions Inc,Common Stock,Information Technology,10/09/2020
PBP,030420103,AWK ,"1,119","174,284.25",0.102,American Water Works Co Inc,Common Stock,Utilities,10/09/2020
PBP,854502101,SWK ,984,"173,833.44",0.102,Stanley Black & Decker Inc,Common Stock,Industrials,10/09/2020
PBP,701094104,PH ,792,"172,743.12",0.101,Parker-Hannifin Corp,Common Stock,Industrials,10/09/2020
PBP,209115104,ED ,"2,062","170,218.10",0.100,Consolidated Edison Inc,Common Stock,Utilities,10/09/2020
PBP,015351109,ALXN ,"1,351","168,226.52",0.099,Alexion Pharmaceuticals Inc,Common Stock,Health Care,10/09/2020
PBP,039483102,ADM ,"3,425","167,722.25",0.098,Archer-Daniels-Midland Co,Common Stock,Consumer Staples,10/09/2020
PBP,G96629103,WLTW ,793,"167,671.92",0.098,Willis Towers Watson PLC,Common Stock,Financials,10/09/2020
PBP,189054109,CLX ,780,"167,536.20",0.098,Clorox Co/The,Common Stock,Consumer Staples,10/09/2020
PBP,086516101,BBY ,"1,421","165,674.39",0.097,Best Buy Co Inc,Common Stock,Consumer Discretionary,10/09/2020
PBP,501044101,KR ,"4,798","165,291.10",0.097,Kroger Co/The,Common Stock,Consumer Staples,10/09/2020
PBP,744320102,PRU ,"2,435","165,287.80",0.097,Prudential Financial Inc,Common Stock,Financials,10/09/2020
PBP,311900104,FAST ,"3,538","164,976.94",0.097,Fastenal Co,Common Stock,Industrials,10/09/2020
PBP,40434L105,HPQ ,"8,472","164,102.64",0.096,HP Inc,Common Stock,Information Technology,10/09/2020
PBP,68902V107,OTIS ,"2,511","164,093.85",0.096,Otis Worldwide Corp,Common Stock,Industrials,10/09/2020
PBP,053332102,AZO ,144,"163,834.56",0.096,AutoZone Inc,Common Stock,Consumer Discretionary,10/09/2020
PBP,219350105,GLW ,"4,692","163,187.76",0.096,Corning Inc,Common Stock,Information Technology,10/09/2020
PBP,G6095L109,APTV ,"1,663","163,073.78",0.096,Aptiv PLC,Common Stock,Consumer Discretionary,10/09/2020
PBP,571903202,MAR ,"1,641","163,016.94",0.096,Marriott International Inc/MD,Common Stock,Consumer Discretionary,10/09/2020
PBP,704326107,PAYX ,"1,977","162,904.80",0.095,Paychex Inc,Common Stock,Information Technology,10/09/2020
PBP,893641100,TDG ,334,"161,990.00",0.095,TransDigm Group Inc,Common Stock,Industrials,10/09/2020
PBP,14448C104,CARR ,"5,019","161,762.37",0.095,Carrier Global Corp,Common Stock,Industrials,10/09/2020
PBP,931427108,WBA ,"4,436","161,204.24",0.094,Walgreens Boots Alliance Inc,Common Stock,Consumer Staples,10/09/2020
PBP,23331A109,DHI ,"2,039","159,225.51",0.093,DR Horton Inc,Common Stock,Consumer Discretionary,10/09/2020
PBP,026874784,AIG ,"5,314","159,154.30",0.093,American International Group Inc,Common Stock,Financials,10/09/2020
PBP,83088M102,SWKS ,"1,030","158,908.40",0.093,Skyworks Solutions Inc,Common Stock,Information Technology,10/09/2020
PBP,761152107,RMD ,894,"157,451.28",0.092,ResMed Inc,Common Stock,Health Care,10/09/2020
PBP,43300A203,HLT ,"1,709","156,151.33",0.092,Hilton Worldwide Holdings Inc,Common Stock,Consumer Discretionary,10/09/2020
PBP,001055102,AFL ,"4,090","155,829.00",0.091,Aflac Inc,Common Stock,Financials,10/09/2020
PBP,22052L104,CTVA ,"4,618","154,379.74",0.090,Corteva Inc,Common Stock,Materials,10/09/2020
PBP,35671D857,FCX ,"8,957","154,329.11",0.090,Freeport-McMoRan Inc,Common Stock,Materials,10/09/2020
PBP,49456B101,KMI ,"12,003","153,878.46",0.090,Kinder Morgan Inc,Common Stock,Energy,10/09/2020
PBP,918204108,VFC ,"1,972","153,046.92",0.090,VF Corp,Common Stock,Consumer Discretionary,10/09/2020
PBP,031100100,AME ,"1,416","151,427.04",0.089,AMETEK Inc,Common Stock,Industrials,10/09/2020
PBP,58155Q103,MCK ,999,"151,138.71",0.089,McKesson Corp,Common Stock,Health Care,10/09/2020
PBP,592688105,MTD ,147,"150,742.62",0.088,Mettler-Toledo International Inc,Common Stock,Health Care,10/09/2020
PBP,579780206,MKC ,766,"150,220.26",0.088,McCormick & Co Inc/MD,Common Stock,Consumer Staples,10/09/2020
PBP,217204106,CPRT ,"1,275","146,892.75",0.086,Copart Inc,Common Stock,Industrials,10/09/2020
PBP,969457100,WMB ,"7,483","145,319.86",0.085,Williams Cos Inc/The,Common Stock,Energy,10/09/2020
PBP,34959J108,FTV ,"2,079","145,155.78",0.085,Fortive Corp,Common Stock,Industrials,10/09/2020
PBP,016255101,ALGN ,441,"144,930.24",0.085,Align Technology Inc,Common Stock,Health Care,10/09/2020
PBP,95040Q104,WELL ,"2,572","144,829.32",0.085,Welltower Inc,Real Estate Investment Trust			     ,Real Estate,10/09/2020
PBP,844741108,LUV ,"3,637","144,498.01",0.085,Southwest Airlines Co,Common Stock,Industrials,10/09/2020
PBP,857477103,STT ,"2,175","144,485.25",0.085,State Street Corp,Common Stock,Financials,10/09/2020
PBP,233331107,DTE ,"1,188","142,904.52",0.084,DTE Energy Co,Common Stock,Utilities,10/09/2020
PBP,718546104,PSX ,"2,694","142,889.76",0.084,Phillips 66,Common Stock,Energy,10/09/2020
PBP,526057104,LEN ,"1,693","142,330.51",0.083,Lennar Corp,Common Stock,Consumer Discretionary,10/09/2020
PBP,171340102,CHD ,"1,524","141,366.24",0.083,Church & Dwight Co Inc,Common Stock,Consumer Staples,10/09/2020
PBP,806857108,SLB ,"8,559","138,912.57",0.081,Schlumberger NV,Common Stock,Energy,10/09/2020
PBP,053484101,AVB ,868,"137,439.12",0.081,AvalonBay Communities Inc,Real Estate Investment Trust			     ,Real Estate,10/09/2020
PBP,69351T106,PPL ,"4,741","137,204.54",0.080,PPL Corp,Common Stock,Utilities,10/09/2020
PBP,256746108,DLTR ,"1,465","137,182.60",0.080,Dollar Tree Inc,Common Stock,Consumer Discretionary,10/09/2020
PBP,156782104,CERN ,"1,882","136,237.98",0.080,Cerner Corp,Common Stock,Health Care,10/09/2020
PBP,955306105,WST ,454,"135,419.12",0.079,West Pharmaceutical Services Inc,Common Stock,Health Care,10/09/2020
PBP,962166104,WY ,"4,603","134,959.96",0.079,Weyerhaeuser Co,Real Estate Investment Trust			     ,Real Estate,10/09/2020
PBP,26875P101,EOG ,"3,588","134,765.28",0.079,EOG Resources Inc,Common Stock,Energy,10/09/2020
PBP,756109104,O ,"2,129","134,531.51",0.079,Realty Income Corp,Real Estate Investment Trust			     ,Real Estate,10/09/2020
PBP,427866108,HSY ,910,"132,523.30",0.078,Hershey Co/The,Common Stock,Consumer Staples,10/09/2020
PBP,33616C100,FRC ,"1,061","131,266.92",0.077,First Republic Bank/CA,Common Stock,Financials,10/09/2020
PBP,281020107,EIX ,"2,334","130,914.06",0.077,Edison International,Common Stock,Utilities,10/09/2020
PBP,29364G103,ETR ,"1,235","130,724.75",0.077,Entergy Corp,Common Stock,Utilities,10/09/2020
PBP,92343E102,VRSN ,621,"130,136.76",0.076,VeriSign Inc,Common Stock,Information Technology,10/09/2020
PBP,247361702,DAL ,"3,935","129,107.35",0.076,Delta Air Lines Inc,Common Stock,Industrials,10/09/2020
PBP,339041105,FLT ,519,"128,250.09",0.075,FleetCor Technologies Inc,Common Stock,Information Technology,10/09/2020
PBP,363576109,AJG ,"1,181","128,197.55",0.075,Arthur J Gallagher & Co,Common Stock,Financials,10/09/2020
PBP,828806109,SPG ,"1,885","127,652.20",0.075,Simon Property Group Inc,Real Estate Investment Trust			     ,Real Estate,10/09/2020
PBP,N53745100,LYB ,"1,586","126,626.24",0.074,LyondellBasell Industries NV,Common Stock,Materials,10/09/2020
PBP,03076C106,AMP ,743,"126,562.62",0.074,Ameriprise Financial Inc,Common Stock,Financials,10/09/2020
PBP,023608102,AEE ,"1,522","124,880.10",0.073,Ameren Corp,Common Stock,Utilities,10/09/2020
PBP,500754106,KHC ,"3,995","124,284.45",0.073,Kraft Heinz Co/The,Common Stock,Consumer Staples,10/09/2020
PBP,294429105,EFX ,751,"123,374.28",0.072,Equifax Inc,Common Stock,Industrials,10/09/2020
PBP,929160109,VMC ,815,"122,885.70",0.072,Vulcan Materials Co,Common Stock,Materials,10/09/2020
PBP,57060D108,MKTX ,235,"122,681.75",0.072,MarketAxess Holdings Inc,Common Stock,Financials,10/09/2020
PBP,254709108,DFS ,"1,889","122,577.21",0.072,Discover Financial Services,Common Stock,Financials,10/09/2020
PBP,49338L103,KEYS ,"1,153","121,364.78",0.071,Keysight Technologies Inc,Common Stock,Information Technology,10/09/2020
PBP,760759100,RSG ,"1,298","120,895.72",0.071,Republic Services Inc,Common Stock,Industrials,10/09/2020
PBP,56585A102,MPC ,"4,012","120,841.44",0.071,Marathon Petroleum Corp,Common Stock,Energy,10/09/2020
PBP,57772K101,MXIM ,"1,648","120,304.00",0.071,Maxim Integrated Products Inc,Common Stock,Information Technology,10/09/2020
PBP,015271109,ARE ,724,"119,568.60",0.070,Alexandria Real Estate Equities Inc,Real Estate Investment Trust			     ,Real Estate,10/09/2020
PBP,679580100,ODFL ,596,"119,056.96",0.070,Old Dominion Freight Line Inc,Common Stock,Industrials,10/09/2020
PBP,50540R409,LH ,603,"118,043.28",0.069,Laboratory Corp of America Holdings,Common Stock,Health Care,10/09/2020
PBP,29476L107,EQR ,"2,112","117,553.92",0.069,Equity Residential,Real Estate Investment Trust			     ,Real Estate,10/09/2020
PBP,874054109,TTWO ,705,"113,956.20",0.067,Take-Two Interactive Software Inc,Common Stock,Communication Services,10/09/2020
PBP,125896100,CMS ,"1,765","113,560.10",0.067,CMS Energy Corp,Common Stock,Utilities,10/09/2020
PBP,00971T101,AKAM ,"1,002","112,755.06",0.066,Akamai Technologies Inc,Common Stock,Information Technology,10/09/2020
PBP,205887102,CAG ,"3,013","112,445.16",0.066,Conagra Brands Inc,Common Stock,Consumer Staples,10/09/2020
PBP,12514G108,CDW ,880,"110,871.20",0.065,CDW Corp/DE,Common Stock,Information Technology,10/09/2020
PBP,436440101,HOLX ,"1,597","110,815.83",0.065,Hologic Inc,Common Stock,Health Care,10/09/2020
PBP,G0250X107,AMCR ,"9,673","110,465.66",0.065,Amcor PLC,Common Stock,Materials,10/09/2020
PBP,70432V102,PAYC ,301,"110,166.00",0.065,Paycom Software Inc,Common Stock,Information Technology,10/09/2020
PBP,91913Y100,VLO ,"2,515","109,754.60",0.064,Valero Energy Corp,Common Stock,Energy,10/09/2020
PBP,45337C102,INCY ,"1,145","109,622.30",0.064,Incyte Corp,Common Stock,Health Care,10/09/2020
PBP,665859104,NTRS ,"1,285","109,507.70",0.064,Northern Trust Corp,Common Stock,Financials,10/09/2020
PBP,485170302,KSU ,583,"108,811.12",0.064,Kansas City Southern,Common Stock,Industrials,10/09/2020
PBP,29786A106,ETSY ,737,"108,095.79",0.063,Etsy Inc,Common Stock,Consumer Discretionary,10/09/2020
PBP,216648402,COO ,302,"108,070.70",0.063,Cooper Cos Inc/The,Common Stock,Health Care,10/09/2020
PBP,892356106,TSCO ,718,"107,649.74",0.063,Tractor Supply Co,Common Stock,Consumer Discretionary,10/09/2020
PBP,384802104,GWW ,277,"106,761.34",0.063,WW Grainger Inc,Common Stock,Industrials,10/09/2020
PBP,177376100,CTXS ,764,"106,524.52",0.062,Citrix Systems Inc,Common Stock,Information Technology,10/09/2020
PBP,902494103,TSN ,"1,816","105,291.68",0.062,Tyson Foods Inc,Common Stock,Consumer Staples,10/09/2020
PBP,573284106,MLM ,385,"105,143.50",0.062,Martin Marietta Materials Inc,Common Stock,Materials,10/09/2020
PBP,34959E109,FTNT ,828,"104,477.04",0.061,Fortinet Inc,Common Stock,Information Technology,10/09/2020
PBP,337932107,FE ,"3,343","104,368.46",0.061,FirstEnergy Corp,Common Stock,Utilities,10/09/2020
PBP,879369106,TFX ,286,"103,963.86",0.061,Teleflex Inc,Common Stock,Health Care,10/09/2020
PBP,460146103,IP ,"2,423","103,389.41",0.061,International Paper Co,Common Stock,Materials,10/09/2020
PBP,12504L109,CBRE ,"2,067","103,143.30",0.060,CBRE Group Inc,Common Stock,Real Estate,10/09/2020
PBP,487836108,K ,"1,564","102,989.40",0.060,Kellogg Co,Common Stock,Consumer Staples,10/09/2020
PBP,92276F100,VTR ,"2,301","102,785.67",0.060,Ventas Inc,Real Estate Investment Trust			     ,Real Estate,10/09/2020
PBP,316773100,FITB ,"4,392","102,684.96",0.060,Fifth Third Bancorp,Common Stock,Financials,10/09/2020
PBP,98419M100,XYL ,"1,112","100,736.08",0.059,Xylem Inc/NY,Common Stock,Industrials,10/09/2020
PBP,92556H206,VIAC ,"3,477","100,537.46",0.059,ViacomCBS Inc,Common Stock,Communication Services,10/09/2020
PBP,260003108,DOV ,888,"100,415.04",0.059,Dover Corp,Common Stock,Industrials,10/09/2020
PBP,11133T103,BR ,711,"100,137.24",0.059,Broadridge Financial Solutions Inc,Common Stock,Information Technology,10/09/2020
PBP,G8473T100,STE ,525,"98,936.25",0.058,STERIS PLC,Common Stock,Health Care,10/09/2020
PBP,902252105,TYL ,250,"97,320.00",0.057,Tyler Technologies Inc,Common Stock,Information Technology,10/09/2020
PBP,74736K101,QRVO ,704,"97,060.48",0.057,Qorvo Inc,Common Stock,Information Technology,10/09/2020
PBP,92220P105,VAR ,563,"96,779.70",0.057,Varian Medical Systems Inc,Common Stock,Health Care,10/09/2020
PBP,62944T105,NVR ,22,"96,778.22",0.057,NVR Inc,Common Stock,Consumer Discretionary,10/09/2020
PBP,74834L100,DGX ,828,"96,602.76",0.057,Quest Diagnostics Inc,Common Stock,Health Care,10/09/2020
PBP,87165B103,SYF ,"3,348","96,556.32",0.057,Synchrony Financial,Common Stock,Financials,10/09/2020
PBP,25754A201,DPZ ,245,"95,782.75",0.056,Domino's Pizza Inc,Common Stock,Consumer Discretionary,10/09/2020
PBP,302130109,EXPD ,"1,034","95,603.64",0.056,Expeditors International of Washington Inc,Common Stock,Industrials,10/09/2020
PBP,148806102,CTLT ,"1,011","95,519.28",0.056,Catalent Inc,Common Stock,Health Care,10/09/2020
PBP,143130102,KMX ,"1,005","95,434.80",0.056,CarMax Inc,Common Stock,Consumer Discretionary,10/09/2020
PBP,42250P103,PEAK ,"3,319","95,022.97",0.056,Healthpeak Properties Inc,Real Estate Investment Trust			     ,Real Estate,10/09/2020
PBP,989207105,ZBRA ,329,"93,436.00",0.055,Zebra Technologies Corp,Common Stock,Information Technology,10/09/2020
PBP,574599106,MAS ,"1,613","92,699.11",0.054,Masco Corp,Common Stock,Industrials,10/09/2020
PBP,517834107,LVS ,"2,024","92,537.28",0.054,Las Vegas Sands Corp,Common Stock,Consumer Discretionary,10/09/2020
PBP,264411505,DRE ,"2,286","91,028.52",0.053,Duke Realty Corp,Real Estate Investment Trust			     ,Real Estate,10/09/2020
PBP,H2906T109,GRMN ,921,"91,013.22",0.053,Garmin Ltd,Common Stock,Consumer Discretionary,10/09/2020
PBP,670346105,NUE ,"1,860","90,879.60",0.053,Nucor Corp,Common Stock,Materials,10/09/2020
PBP,30225T102,EXR ,795,"90,113.25",0.053,Extra Space Storage Inc,Real Estate Investment Trust			     ,Real Estate,10/09/2020
PBP,714046109,PKI ,690,"89,479.20",0.052,PerkinElmer Inc,Common Stock,Health Care,10/09/2020
PBP,372460105,GPC ,890,"89,347.10",0.052,Genuine Parts Co,Common Stock,Consumer Discretionary,10/09/2020
PBP,723787107,PXD ,"1,012","89,126.84",0.052,Pioneer Natural Resources Co,Common Stock,Energy,10/09/2020
PBP,631103108,NDAQ ,710,"88,792.60",0.052,Nasdaq Inc,Common Stock,Financials,10/09/2020
PBP,115637209,BF/B ,"1,127","88,379.34",0.052,Brown-Forman Corp,Common Stock,Consumer Staples,10/09/2020
PBP,45167R104,IEX ,464,"88,350.24",0.052,IDEX Corp,Common Stock,Industrials,10/09/2020
PBP,880770102,TER ,"1,024","88,166.40",0.052,Teradyne Inc,Common Stock,Information Technology,10/09/2020
PBP,03073E105,ABC ,908,"87,948.88",0.052,AmerisourceBergen Corp,Common Stock,Health Care,10/09/2020
PBP,12541W209,CHRW ,831,"87,628.95",0.051,CH Robinson Worldwide Inc,Common Stock,Industrials,10/09/2020
PBP,78486Q101,SIVB ,319,"87,610.16",0.051,SVB Financial Group,Common Stock,Financials,10/09/2020
PBP,911363109,URI ,443,"87,244.42",0.051,United Rentals Inc,Common Stock,Industrials,10/09/2020
PBP,59522J103,MAA ,705,"87,180.30",0.051,Mid-America Apartment Communities Inc,Real Estate Investment Trust			     ,Real Estate,10/09/2020
PBP,297178105,ESS ,404,"87,041.80",0.051,Essex Property Trust Inc,Real Estate Investment Trust			     ,Real Estate,10/09/2020
PBP,14149Y108,CAH ,"1,804","86,646.12",0.051,Cardinal Health Inc,Common Stock,Health Care,10/09/2020
PBP,302491303,FMC ,798,"86,199.96",0.051,FMC Corp,Common Stock,Materials,10/09/2020
PBP,150870103,CE ,730,"86,023.20",0.050,Celanese Corp,Common Stock,Materials,10/09/2020
PBP,416515104,HIG ,"2,208","85,250.88",0.050,Hartford Financial Services Group Inc/The,Common Stock,Financials,10/09/2020
PBP,45687V106,IR ,"2,289","84,990.57",0.050,Ingersoll Rand Inc,Common Stock,Industrials,10/09/2020
PBP,440452100,HRL ,"1,729","84,651.84",0.050,Hormel Foods Corp,Common Stock,Consumer Staples,10/09/2020
PBP,018802108,LNT ,"1,539","84,244.86",0.049,Alliant Energy Corp,Common Stock,Utilities,10/09/2020
PBP,73278L105,POOL ,242,"83,865.10",0.049,Pool Corp,Common Stock,Consumer Discretionary,10/09/2020
PBP,832696405,SJM ,703,"83,432.04",0.049,J M Smucker Co/The,Common Stock,Consumer Staples,10/09/2020
PBP,237194105,DRI ,801,"81,693.99",0.048,Darden Restaurants Inc,Common Stock,Consumer Discretionary,10/09/2020
PBP,745867101,PHM ,"1,656","81,110.88",0.048,PulteGroup Inc,Common Stock,Consumer Discretionary,10/09/2020
PBP,90384S303,ULTA ,347,"81,041.85",0.048,Ulta Beauty Inc,Common Stock,Consumer Discretionary,10/09/2020
PBP,30212P303,EXPE ,836,"80,506.80",0.047,Expedia Group Inc,Common Stock,Consumer Discretionary,10/09/2020
PBP,55261F104,MTB ,790,"80,082.30",0.047,M&T Bank Corp,Common Stock,Financials,10/09/2020
PBP,469814107,J ,802,"79,654.64",0.047,Jacobs Engineering Group Inc,Common Stock,Industrials,10/09/2020
PBP,682680103,OKE ,"2,738","79,538.90",0.047,ONEOK Inc,Common Stock,Energy,10/09/2020
PBP,00130H105,AES ,"4,103","79,269.96",0.046,AES Corp/The,Common Stock,Utilities,10/09/2020
PBP,493267108,KEY ,"6,020","78,982.40",0.046,KeyCorp,Common Stock,Financials,10/09/2020
PBP,886547108,TIF ,665,"78,742.65",0.046,Tiffany & Co,Common Stock,Consumer Discretionary,10/09/2020
PBP,459506101,IFF ,659,"78,691.19",0.046,International Flavors & Fragrances Inc,Common Stock,Materials,10/09/2020
PBP,V7780T103,RCL ,"1,100","78,199.00",0.046,Royal Caribbean Cruises Ltd,Common Stock,Consumer Discretionary,10/09/2020
PBP,42824C109,HPE ,"7,934","77,832.54",0.046,Hewlett Packard Enterprise Co,Common Stock,Information Technology,10/09/2020
PBP,941848103,WAT ,383,"77,672.40",0.046,Waters Corp,Common Stock,Health Care,10/09/2020
PBP,963320106,WHR ,385,"77,539.00",0.045,Whirlpool Corp,Common Stock,Consumer Discretionary,10/09/2020
PBP,426281101,JKHY ,471,"77,474.79",0.045,Jack Henry & Associates Inc,Common Stock,Information Technology,10/09/2020
PBP,040413106,ANET ,338,"76,932.18",0.045,Arista Networks Inc,Common Stock,Information Technology,10/09/2020
PBP,668771108,NLOK ,"3,644","76,469.34",0.045,NortonLifeLock Inc,Common Stock,Information Technology,10/09/2020
PBP,003654100,ABMD ,277,"75,776.12",0.044,ABIOMED Inc,Common Stock,Health Care,10/09/2020
PBP,7591EP100,RF ,"5,920","75,716.80",0.044,Regions Financial Corp,Common Stock,Financials,10/09/2020
PBP,34964C106,FBHS ,851,"75,475.19",0.044,Fortune Brands Home & Security Inc,Common Stock,Industrials,10/09/2020
PBP,525327102,LDOS ,823,"74,786.01",0.044,Leidos Holdings Inc,Common Stock,Information Technology,10/09/2020
PBP,090572207,BIO ,132,"74,730.48",0.044,Bio-Rad Laboratories Inc,Common Stock,Health Care,10/09/2020
PBP,879360105,TDY ,229,"74,457.06",0.044,Teledyne Technologies Inc,Common Stock,Industrials,10/09/2020
PBP,30034W106,EVRG ,"1,399","74,049.07",0.043,Evergy Inc,Common Stock,Utilities,10/09/2020
PBP,172062101,CINF ,924,"73,633.56",0.043,Cincinnati Financial Corp,Common Stock,Financials,10/09/2020
PBP,174610105,CFG ,"2,632","73,590.72",0.043,Citizens Financial Group Inc,Common Stock,Financials,10/09/2020
PBP,049560105,ATO ,762,"73,540.62",0.043,Atmos Energy Corp,Common Stock,Utilities,10/09/2020
PBP,101121101,BXP ,874,"72,349.72",0.042,Boston Properties Inc,Real Estate Investment Trust			     ,Real Estate,10/09/2020
PBP,277432100,EMN ,834,"71,857.44",0.042,Eastman Chemical Co,Common Stock,Materials,10/09/2020
PBP,15189T107,CNP ,"3,360","71,803.20",0.042,CenterPoint Energy Inc,Common Stock,Utilities,10/09/2020
PBP,929740108,WAB ,"1,105","71,283.55",0.042,Westinghouse Air Brake Technologies Corp,Common Stock,Industrials,10/09/2020
PBP,958102105,WDC ,"1,864","71,055.68",0.042,Western Digital Corp,Common Stock,Information Technology,10/09/2020
PBP,418056107,HAS ,787,"70,168.92",0.041,Hasbro Inc,Common Stock,Consumer Discretionary,10/09/2020
PBP,G7945M107,STX ,"1,375","70,083.75",0.041,Seagate Technology PLC,Common Stock,Information Technology,10/09/2020
PBP,366651107,IT ,551,"69,646.40",0.041,Gartner Inc,Common Stock,Information Technology,10/09/2020
PBP,445658107,JBHT ,515,"69,638.30",0.041,JB Hunt Transport Services Inc,Common Stock,Industrials,10/09/2020
PBP,681919106,OMC ,"1,323","69,417.81",0.041,Omnicom Group Inc,Common Stock,Communication Services,10/09/2020
PBP,406216101,HAL ,"5,417","68,145.86",0.040,Halliburton Co,Common Stock,Energy,10/09/2020
PBP,053611109,AVY ,515,"67,207.50",0.039,Avery Dennison Corp,Common Stock,Materials,10/09/2020
PBP,74251V102,PFG ,"1,575","66,890.25",0.039,Principal Financial Group Inc,Common Stock,Financials,10/09/2020
PBP,910047109,UAL ,"1,795","66,630.40",0.039,United Airlines Holdings Inc,Common Stock,Industrials,10/09/2020
PBP,00751Y106,AAP ,428,"66,476.96",0.039,Advance Auto Parts Inc,Common Stock,Consumer Discretionary,10/09/2020
PBP,695156109,PKG ,586,"66,159.40",0.039,Packaging Corp of America,Common Stock,Materials,10/09/2020
PBP,513272104,LW ,897,"65,669.37",0.038,Lamb Weston Holdings Inc,Common Stock,Consumer Staples,10/09/2020
PBP,902653104,UDR ,"1,821","64,590.87",0.038,UDR Inc,Real Estate Investment Trust			     ,Real Estate,10/09/2020
PBP,42809H107,HES ,"1,684","64,093.04",0.038,Hess Corp,Common Stock,Energy,10/09/2020
PBP,012653101,ALB ,655,"62,899.65",0.037,Albemarle Corp,Common Stock,Materials,10/09/2020
PBP,64110D104,NTAP ,"1,368","62,750.16",0.037,NetApp Inc,Common Stock,Information Technology,10/09/2020
PBP,35137L105,FOXA ,"2,119","61,853.61",0.036,Fox Corp,Common Stock,Communication Services,10/09/2020
PBP,446150104,HBAN ,"6,273","61,789.05",0.036,Huntington Bancshares Inc/OH,Common Stock,Financials,10/09/2020
PBP,156700106,LUMN ,"6,091","61,580.01",0.036,CenturyLink Inc,Common Stock,Communication Services,10/09/2020
PBP,24906P109,XRAY ,"1,347","61,288.50",0.036,DENTSPLY SIRONA Inc,Common Stock,Health Care,10/09/2020
PBP,134429109,CPB ,"1,249","60,539.03",0.035,Campbell Soup Co,Common Stock,Consumer Staples,10/09/2020
PBP,96145D105,WRK ,"1,601","60,517.80",0.035,Westrock Co,Common Stock,Materials,10/09/2020
PBP,G0176J109,ALLE ,570,"59,274.30",0.035,Allegion plc,Common Stock,Industrials,10/09/2020
PBP,754730109,RJF ,755,"59,093.85",0.035,Raymond James Financial Inc,Common Stock,Financials,10/09/2020
PBP,099724106,BWA ,"1,458","57,765.96",0.034,BorgWarner Inc,Common Stock,Consumer Discretionary,10/09/2020
PBP,723484101,PNW ,694,"57,296.64",0.034,Pinnacle West Capital Corp,Common Stock,Utilities,10/09/2020
PBP,12503M108,CBOE ,671,"57,276.56",0.034,Cboe Global Markets Inc,Common Stock,Financials,10/09/2020
PBP,959802109,WU ,"2,536","56,375.28",0.033,Western Union Co/The,Common Stock,Information Technology,10/09/2020
PBP,674599105,OXY ,"5,163","55,863.66",0.033,Occidental Petroleum Corp,Common Stock,Energy,10/09/2020
PBP,084423102,WRB ,868,"54,701.36",0.032,W R Berkley Corp,Common Stock,Financials,10/09/2020
PBP,20605P101,CXO ,"1,213","54,621.39",0.032,Concho Resources Inc,Common Stock,Energy,10/09/2020
PBP,540424108,L ,"1,472","54,434.56",0.032,Loews Corp,Common Stock,Financials,10/09/2020
PBP,552953101,MGM ,"2,526","53,955.36",0.032,MGM Resorts International,Common Stock,Consumer Discretionary,10/09/2020
PBP,913903100,UHS ,479,"53,518.67",0.031,Universal Health Services Inc,Common Stock,Health Care,10/09/2020
PBP,05722G100,BKR ,"4,048","53,433.60",0.031,Baker Hughes Co,Common Stock,Energy,10/09/2020
PBP,806407102,HSIC ,881,"53,265.26",0.031,Henry Schein Inc,Common Stock,Health Care,10/09/2020
PBP,65473P105,NI ,"2,363","53,143.87",0.031,NiSource Inc,Common Stock,Utilities,10/09/2020
PBP,833034101,SNA ,336,"52,822.56",0.031,Snap-on Inc,Common Stock,Industrials,10/09/2020
PBP,501889208,LKQ ,"1,726","52,677.52",0.031,LKQ Corp,Common Stock,Consumer Discretionary,10/09/2020
PBP,775711104,ROL ,911,"52,355.17",0.031,Rollins Inc,Common Stock,Industrials,10/09/2020
PBP,883203101,TXT ,"1,406","51,684.56",0.030,Textron Inc,Common Stock,Industrials,10/09/2020
PBP,G3223R108,RE ,249,"51,030.06",0.030,Everest Re Group Ltd,Common Stock,Financials,10/09/2020
PBP,G7S00T104,PNR ,"1,022","50,680.98",0.030,Pentair PLC,Common Stock,Industrials,10/09/2020
PBP,74762E102,PWR ,851,"50,404.73",0.030,Quanta Services Inc,Common Stock,Industrials,10/09/2020
PBP,44107P104,HST ,"4,349","50,361.42",0.030,Host Hotels & Resorts Inc,Real Estate Investment Trust			     ,Real Estate,10/09/2020
PBP,46284V101,IRM ,"1,778","50,228.50",0.029,Iron Mountain Inc,Real Estate Investment Trust			     ,Real Estate,10/09/2020
PBP,143658300,CCL ,"3,194","50,113.86",0.029,Carnival Corp,Common Stock,Consumer Discretionary,10/09/2020
PBP,N59465109,MYL ,"3,189","49,875.96",0.029,Mylan NV,Common Stock,Health Care,10/09/2020
PBP,538034109,LYV ,877,"49,839.91",0.029,Live Nation Entertainment Inc,Common Stock,Communication Services,10/09/2020
PBP,37959E102,GL ,607,"49,646.53",0.029,Globe Life Inc,Common Stock,Financials,10/09/2020
PBP,629377508,NRG ,"1,504","48,534.08",0.028,NRG Energy Inc,Common Stock,Utilities,10/09/2020
PBP,315616102,FFIV ,378,"48,217.68",0.028,F5 Networks Inc,Common Stock,Information Technology,10/09/2020
PBP,831865209,AOS ,834,"47,696.46",0.028,A O Smith Corp,Common Stock,Industrials,10/09/2020
PBP,127097103,COG ,"2,458","46,529.94",0.027,Cabot Oil & Gas Corp,Common Stock,Energy,10/09/2020
PBP,501797104,LB ,"1,440","46,454.40",0.027,L Brands Inc,Common Stock,Consumer Discretionary,10/09/2020
PBP,48203R104,JNPR ,"2,045","46,339.70",0.027,Juniper Networks Inc,Common Stock,Information Technology,10/09/2020
PBP,04621X108,AIZ ,369,"46,335.33",0.027,Assurant Inc,Common Stock,Financials,10/09/2020
PBP,443201108,HWM ,"2,420","44,286.00",0.026,Howmet Aerospace Inc,Common Stock,Industrials,10/09/2020
PBP,460690100,IPG ,"2,404","44,137.44",0.026,Interpublic Group of Cos Inc/The,Common Stock,Communication Services,10/09/2020
PBP,983134107,WYNN ,601,"43,674.67",0.026,Wynn Resorts Ltd,Common Stock,Consumer Discretionary,10/09/2020
PBP,23918K108,DVA ,496,"43,578.56",0.026,DaVita Inc,Common Stock,Health Care,10/09/2020
PBP,651229106,NWL ,"2,330","41,963.30",0.025,Newell Brands Inc,Common Stock,Consumer Discretionary,10/09/2020
PBP,61945C103,MOS ,"2,128","41,942.88",0.025,Mosaic Co/The,Common Stock,Materials,10/09/2020
PBP,60871R209,TAP ,"1,158","41,815.38",0.025,Molson Coors Beverage Co,Common Stock,Consumer Staples,10/09/2020
PBP,25470M109,DISH ,"1,520","41,541.60",0.024,DISH Network Corp,Common Stock,Communication Services,10/09/2020
PBP,02376R102,AAL ,"3,136","41,395.20",0.024,American Airlines Group Inc,Common Stock,Industrials,10/09/2020
PBP,125269100,CF ,"1,317","41,261.61",0.024,CF Industries Holdings Inc,Common Stock,Materials,10/09/2020
PBP,770323103,RHI ,707,"41,104.98",0.024,Robert Half International Inc,Common Stock,Industrials,10/09/2020
PBP,81211K100,SEE ,962,"41,058.16",0.024,Sealed Air Corp,Common Stock,Materials,10/09/2020
PBP,44980X109,IPGP ,221,"40,007.63",0.023,IPG Photonics Corp,Common Stock,Information Technology,10/09/2020
PBP,534187109,LNC ,"1,122","39,101.70",0.023,Lincoln National Corp,Common Stock,Financials,10/09/2020
PBP,G97822103,PRGO ,841,"38,568.26",0.023,Perrigo Co PLC,Common Stock,Health Care,10/09/2020
PBP,608190104,MHK ,370,"38,568.80",0.023,Mohawk Industries Inc,Common Stock,Consumer Discretionary,10/09/2020
PBP,758849103,REG ,971,"38,432.18",0.023,Regency Centers Corp,Real Estate Investment Trust			     ,Real Estate,10/09/2020
PBP,25470F302,DISCK ,"1,908","38,093.22",0.022,Discovery Inc,Common Stock,Communication Services,10/09/2020
PBP,446413106,HII ,252,"37,794.96",0.022,Huntington Ingalls Industries Inc,Common Stock,Industrials,10/09/2020
PBP,354613101,BEN ,"1,652","37,318.68",0.022,Franklin Resources Inc,Common Stock,Financials,10/09/2020
PBP,410345102,HBI ,"2,148","36,967.08",0.022,Hanesbrands Inc,Common Stock,Consumer Discretionary,10/09/2020
PBP,524660107,LEG ,815,"36,626.10",0.021,Leggett & Platt Inc,Common Stock,Consumer Discretionary,10/09/2020
PBP,200340107,CMA ,857,"36,285.38",0.021,Comerica Inc,Common Stock,Financials,10/09/2020
PBP,929042109,VNO ,965,"34,276.80",0.020,Vornado Realty Trust,Real Estate Investment Trust			     ,Real Estate,10/09/2020
PBP,65249B109,NWSA ,"2,398","34,159.51",0.020,News Corp,Common Stock,Communication Services,10/09/2020
PBP,03748R754,AIV ,919,"33,782.44",0.020,Apartment Investment and Management Co,Real Estate Investment Trust			     ,Real Estate,10/09/2020
PBP,313747206,FRT ,426,"33,389.88",0.020,Federal Realty Investment Trust,Real Estate Investment Trust			     ,Real Estate,10/09/2020
PBP,876030107,TPR ,"1,703","32,050.46",0.019,Tapestry Inc,Common Stock,Consumer Discretionary,10/09/2020
PBP,989701107,ZION ,"1,010","31,890.75",0.019,Zions Bancorp NA,Common Stock,Financials,10/09/2020
PBP,G66721104,NCLH ,"1,699","31,822.27",0.019,Norwegian Cruise Line Holdings Ltd,Common Stock,Consumer Discretionary,10/09/2020
PBP,23355L106,DXC ,"1,567","31,418.35",0.018,DXC Technology Co,Common Stock,Information Technology,10/09/2020
PBP,49446R109,KIM ,"2,667","30,990.54",0.018,Kimco Realty Corp,Real Estate Investment Trust			     ,Real Estate,10/09/2020
PBP,G491BT108,IVZ ,"2,362","30,965.82",0.018,Invesco Ltd,Common Stock,Financials,10/09/2020
PBP,302445101,FLIR ,807,"30,286.71",0.018,FLIR Systems Inc,Common Stock,Information Technology,10/09/2020
PBP,G6518L108,NLSN ,"2,198","30,222.50",0.018,Nielsen Holdings PLC,Common Stock,Industrials,10/09/2020
PBP,25278X109,FANG ,971,"29,799.99",0.017,Diamondback Energy Inc,Common Stock,Energy,10/09/2020
PBP,011659109,ALK ,764,"29,559.16",0.017,Alaska Air Group Inc,Common Stock,Industrials,10/09/2020
PBP,693656100,PVH ,437,"28,898.81",0.017,PVH Corp,Common Stock,Consumer Discretionary,10/09/2020
PBP,712704105,PBCT ,"2,619","28,363.77",0.017,People's United Financial Inc,Common Stock,Financials,10/09/2020
PBP,35137L204,FOX ,964,"28,148.80",0.017,Fox Corp,Common Stock,Communication Services,10/09/2020
PBP,364760108,GPS ,"1,268","25,119.08",0.015,Gap Inc/The,Common Stock,Consumer Discretionary,10/09/2020
PBP,25179M103,DVN ,"2,362","23,785.34",0.014,Devon Energy Corp,Common Stock,Energy,10/09/2020
PBP,34354P105,FLS ,801,"23,613.48",0.014,Flowserve Corp,Common Stock,Industrials,10/09/2020
PBP,91529Y106,UNM ,"1,256","23,524.88",0.014,Unum Group,Common Stock,Financials,10/09/2020
PBP,928881101,VNT ,836,"23,511.20",0.014,Vontier Corp,Common Stock,Information Technology,10/09/2020
PBP,78440X101,SLG ,450,"23,148.00",0.014,SL Green Realty Corp,Real Estate Investment Trust			     ,Real Estate,10/09/2020
PBP,037411105,APA ,"2,329","22,521.43",0.013,Apache Corp,Common Stock,Energy,10/09/2020
PBP,98421M106,XRX ,"1,105","21,967.40",0.013,Xerox Holdings Corp,Common Stock,Information Technology,10/09/2020
PBP,25470F104,DISCA ,987,"21,950.88",0.013,Discovery Inc,Common Stock,Communication Services,10/09/2020
PBP,751212101,RL ,296,"21,871.44",0.013,Ralph Lauren Corp,Common Stock,Consumer Discretionary,10/09/2020
PBP,637071101,NOV ,"2,393","21,656.65",0.013,National Oilwell Varco Inc,Common Stock,Energy,10/09/2020
PBP,565849106,MRO ,"4,867","20,733.42",0.012,Marathon Oil Corp,Common Stock,Energy,10/09/2020
PBP,436106108,HFC ,921,"19,221.27",0.011,HollyFrontier Corp,Common Stock,Energy,10/09/2020
PBP,G87110105,FTI ,"2,604","18,410.28",0.011,TECHNIPFMC PLC,Common Stock,Energy,10/09/2020
PBP,904311107,UAA ,"1,161","14,570.55",0.009,Under Armour Inc,Common Stock,Consumer Discretionary,10/09/2020
PBP,904311206,UA ,"1,199","13,153.03",0.008,Under Armour Inc,Common Stock,Consumer Discretionary,10/09/2020
PBP,65249B208,NWS ,753,"10,658.72",0.006,News Corp,Common Stock,Communication Services,10/09/2020
PBP,CASHUSD00,-CASH-,"-172,918","-172,917.99",-0.101,Cash/Receivables/Payables,Currency,Cash,10/09/2020
PBP,SPX161020,SPX 10 C33,-511,"-7,100,345.00",-4.162,October 20 Calls on SPXSPX US 10/16/20 C3340,Index Call Option			     ,Derivatives,10/09/2020
